Name,Label,Concept,Group,Summary,Group*
P1_001N,!!Total:,RACE,P1,sf1,P1_1
P1_002N,!!Total:!!Population of one race:,RACE,P1,sf2,P1_1
P1_003N,!!Total:!!Population of one race:!!White alone,RACE,P1,sf3,P1_1
P1_004N,!!Total:!!Population of one race:!!Black or African American alone,RACE,P1,sf4,P1_1
P1_005N,!!Total:!!Population of one race:!!American Indian and Alaska Native alone,RACE,P1,sf5,P1_1
P1_006N,!!Total:!!Population of one race:!!Asian alone,RACE,P1,sf6,P1_1
P1_007N,!!Total:!!Population of one race:!!Native Hawaiian and Other Pacific Islander alone,RACE,P1,sf7,P1_1
P1_008N,!!Total:!!Population of one race:!!Some Other Race alone,RACE,P1,sf8,P1_1
P1_009N,!!Total:!!Population of two or more races:,RACE,P1,sf9,P1_1
P1_010N,!!Total:!!Population of two or more races:!!Population of two races:,RACE,P1,sf10,P1_1
P1_011N,!!Total:!!Population of two or more races:!!Population of two races:!!White; Black or African American,RACE,P1,sf11,P1_1
P1_012N,!!Total:!!Population of two or more races:!!Population of two races:!!White; American Indian and Alaska Native,RACE,P1,sf12,P1_1
P1_013N,!!Total:!!Population of two or more races:!!Population of two races:!!White; Asian,RACE,P1,sf13,P1_1
P1_014N,!!Total:!!Population of two or more races:!!Population of two races:!!White; Native Hawaiian and Other Pacific Islander,RACE,P1,sf14,P1_1
P1_015N,!!Total:!!Population of two or more races:!!Population of two races:!!White; Some Other Race,RACE,P1,sf15,P1_1
P1_016N,!!Total:!!Population of two or more races:!!Population of two races:!!Black or African American; American Indian and Alaska Native,RACE,P1,sf16,P1_1
P1_017N,!!Total:!!Population of two or more races:!!Population of two races:!!Black or African American; Asian,RACE,P1,sf17,P1_1
P1_018N,!!Total:!!Population of two or more races:!!Population of two races:!!Black or African American; Native Hawaiian and Other Pacific Islander,RACE,P1,sf18,P1_1
P1_019N,!!Total:!!Population of two or more races:!!Population of two races:!!Black or African American; Some Other Race,RACE,P1,sf19,P1_1
P1_020N,!!Total:!!Population of two or more races:!!Population of two races:!!American Indian and Alaska Native; Asian,RACE,P1,sf20,P1_1
P1_021N,!!Total:!!Population of two or more races:!!Population of two races:!!American Indian and Alaska Native; Native Hawaiian and Other Pacific Islander,RACE,P1,sf21,P1_1
P1_022N,!!Total:!!Population of two or more races:!!Population of two races:!!American Indian and Alaska Native; Some Other Race,RACE,P1,sf22,P1_1
P1_023N,!!Total:!!Population of two or more races:!!Population of two races:!!Asian; Native Hawaiian and Other Pacific Islander,RACE,P1,sf23,P1_1
P1_024N,!!Total:!!Population of two or more races:!!Population of two races:!!Asian; Some Other Race,RACE,P1,sf24,P1_1
P1_025N,!!Total:!!Population of two or more races:!!Population of two races:!!Native Hawaiian and Other Pacific Islander; Some Other Race,RACE,P1,sf25,P1_1
P1_026N,!!Total:!!Population of two or more races:!!Population of three races:,RACE,P1,sf26,P1_1
P1_027N,!!Total:!!Population of two or more races:!!Population of three races:!!White; Black or African American; American Indian and Alaska Native,RACE,P1,sf27,P1_1
P1_028N,!!Total:!!Population of two or more races:!!Population of three races:!!White; Black or African American; Asian,RACE,P1,sf28,P1_1
P1_029N,!!Total:!!Population of two or more races:!!Population of three races:!!White; Black or African American; Native Hawaiian and Other Pacific Islander,RACE,P1,sf29,P1_1
P1_030N,!!Total:!!Population of two or more races:!!Population of three races:!!White; Black or African American; Some Other Race,RACE,P1,sf30,P1_1
P1_031N,!!Total:!!Population of two or more races:!!Population of three races:!!White; American Indian and Alaska Native; Asian,RACE,P1,sf31,P1_1
P1_032N,!!Total:!!Population of two or more races:!!Population of three races:!!White; American Indian and Alaska Native; Native Hawaiian and Other Pacific Islander,RACE,P1,sf32,P1_1
P1_033N,!!Total:!!Population of two or more races:!!Population of three races:!!White; American Indian and Alaska Native; Some Other Race,RACE,P1,sf33,P1_1
P1_034N,!!Total:!!Population of two or more races:!!Population of three races:!!White; Asian; Native Hawaiian and Other Pacific Islander,RACE,P1,sf34,P1_1
P1_035N,!!Total:!!Population of two or more races:!!Population of three races:!!White; Asian; Some Other Race,RACE,P1,sf35,P1_1
P1_036N,!!Total:!!Population of two or more races:!!Population of three races:!!White; Native Hawaiian and Other Pacific Islander; Some Other Race,RACE,P1,sf36,P1_1
P1_037N,!!Total:!!Population of two or more races:!!Population of three races:!!Black or African American; American Indian and Alaska Native; Asian,RACE,P1,sf37,P1_1
P1_038N,!!Total:!!Population of two or more races:!!Population of three races:!!Black or African American; American Indian and Alaska Native; Native Hawaiian and Other Pacific Islander,RACE,P1,sf38,P1_1
P1_039N,!!Total:!!Population of two or more races:!!Population of three races:!!Black or African American; American Indian and Alaska Native; Some Other Race,RACE,P1,sf39,P1_1
P1_040N,!!Total:!!Population of two or more races:!!Population of three races:!!Black or African American; Asian; Native Hawaiian and Other Pacific Islander,RACE,P1,sf40,P1_1
P1_041N,!!Total:!!Population of two or more races:!!Population of three races:!!Black or African American; Asian; Some Other Race,RACE,P1,sf41,P1_1
P1_042N,!!Total:!!Population of two or more races:!!Population of three races:!!Black or African American; Native Hawaiian and Other Pacific Islander; Some Other Race,RACE,P1,sf42,P1_1
P1_043N,!!Total:!!Population of two or more races:!!Population of three races:!!American Indian and Alaska Native; Asian; Native Hawaiian and Other Pacific Islander,RACE,P1,sf43,P1_1
P1_044N,!!Total:!!Population of two or more races:!!Population of three races:!!American Indian and Alaska Native; Asian; Some Other Race,RACE,P1,sf44,P1_1
P1_045N,!!Total:!!Population of two or more races:!!Population of three races:!!American Indian and Alaska Native; Native Hawaiian and Other Pacific Islander; Some Other Race,RACE,P1,sf45,P1_1
P1_046N,!!Total:!!Population of two or more races:!!Population of three races:!!Asian; Native Hawaiian and Other Pacific Islander; Some Other Race,RACE,P1,sf46,P1_1
P1_047N,!!Total:!!Population of two or more races:!!Population of four races:,RACE,P1,sf47,P1_1
P1_048N,!!Total:!!Population of two or more races:!!Population of four races:!!White; Black or African American; American Indian and Alaska Native; Asian,RACE,P1,sf48,P1_1
P1_049N,!!Total:!!Population of two or more races:!!Population of four races:!!White; Black or African American; American Indian and Alaska Native; Native Hawaiian and Other Pacific Islander,RACE,P1,sf49,P1_1
P1_050N,!!Total:!!Population of two or more races:!!Population of four races:!!White; Black or African American; American Indian and Alaska Native; Some Other Race,RACE,P1,sf50,P1_1
P1_051N,!!Total:!!Population of two or more races:!!Population of four races:!!White; Black or African American; Asian; Native Hawaiian and Other Pacific Islander,RACE,P1,sf51,P1_1
P1_052N,!!Total:!!Population of two or more races:!!Population of four races:!!White; Black or African American; Asian; Some Other Race,RACE,P1,sf52,P1_1
P1_053N,!!Total:!!Population of two or more races:!!Population of four races:!!White; Black or African American; Native Hawaiian and Other Pacific Islander; Some Other Race,RACE,P1,sf53,P1_1
P1_054N,!!Total:!!Population of two or more races:!!Population of four races:!!White; American Indian and Alaska Native; Asian; Native Hawaiian and Other Pacific Islander,RACE,P1,sf54,P1_1
P1_055N,!!Total:!!Population of two or more races:!!Population of four races:!!White; American Indian and Alaska Native; Asian; Some Other Race,RACE,P1,sf55,P1_1
P1_056N,!!Total:!!Population of two or more races:!!Population of four races:!!White; American Indian and Alaska Native; Native Hawaiian and Other Pacific Islander; Some Other Race,RACE,P1,sf56,P1_1
P1_057N,!!Total:!!Population of two or more races:!!Population of four races:!!White; Asian; Native Hawaiian and Other Pacific Islander; Some Other Race,RACE,P1,sf57,P1_1
P1_058N,!!Total:!!Population of two or more races:!!Population of four races:!!Black or African American; American Indian and Alaska Native; Asian; Native Hawaiian and Other Pacific Islander,RACE,P1,sf58,P1_1
P1_059N,!!Total:!!Population of two or more races:!!Population of four races:!!Black or African American; American Indian and Alaska Native; Asian; Some Other Race,RACE,P1,sf59,P1_1
P1_060N,!!Total:!!Population of two or more races:!!Population of four races:!!Black or African American; American Indian and Alaska Native; Native Hawaiian and Other Pacific Islander; Some Other Race,RACE,P1,sf60,P1_1
P1_061N,!!Total:!!Population of two or more races:!!Population of four races:!!Black or African American; Asian; Native Hawaiian and Other Pacific Islander; Some Other Race,RACE,P1,sf61,P1_1
P1_062N,!!Total:!!Population of two or more races:!!Population of four races:!!American Indian and Alaska Native; Asian; Native Hawaiian and Other Pacific Islander; Some Other Race,RACE,P1,sf62,P1_1
P1_063N,!!Total:!!Population of two or more races:!!Population of five races:,RACE,P1,sf63,P1_1
P1_064N,!!Total:!!Population of two or more races:!!Population of five races:!!White; Black or African American; American Indian and Alaska Native; Asian; Native Hawaiian and Other Pacific Islander,RACE,P1,sf64,P1_1
P1_065N,!!Total:!!Population of two or more races:!!Population of five races:!!White; Black or African American; American Indian and Alaska Native; Asian; Some Other Race,RACE,P1,sf65,P1_1
P1_066N,!!Total:!!Population of two or more races:!!Population of five races:!!White; Black or African American; American Indian and Alaska Native; Native Hawaiian and Other Pacific Islander; Some Other Race,RACE,P1,sf66,P1_1
P1_067N,!!Total:!!Population of two or more races:!!Population of five races:!!White; Black or African American; Asian; Native Hawaiian and Other Pacific Islander; Some Other Race,RACE,P1,sf67,P1_1
P1_068N,!!Total:!!Population of two or more races:!!Population of five races:!!White; American Indian and Alaska Native; Asian; Native Hawaiian and Other Pacific Islander; Some Other Race,RACE,P1,sf68,P1_1
P1_069N,!!Total:!!Population of two or more races:!!Population of five races:!!Black or African American; American Indian and Alaska Native; Asian; Native Hawaiian and Other Pacific Islander; Some Other Race,RACE,P1,sf69,P1_1
P1_070N,!!Total:!!Population of two or more races:!!Population of six races:,RACE,P1,sf70,P1_1
P1_071N,!!Total:!!Population of two or more races:!!Population of six races:!!White; Black or African American; American Indian and Alaska Native; Asian; Native Hawaiian and Other Pacific Islander; Some Other Race,RACE,P1,sf71,P1_1
P2_001N,!!Total:,"HISPANIC OR LATINO, AND NOT HISPANIC OR LATINO BY RACE",P2,sf72,P2_1
P2_002N,!!Total:!!Hispanic or Latino,"HISPANIC OR LATINO, AND NOT HISPANIC OR LATINO BY RACE",P2,sf73,P2_1
P2_003N,!!Total:!!Not Hispanic or Latino:,"HISPANIC OR LATINO, AND NOT HISPANIC OR LATINO BY RACE",P2,sf74,P2_1
P2_004N,!!Total:!!Not Hispanic or Latino:!!Population of one race:,"HISPANIC OR LATINO, AND NOT HISPANIC OR LATINO BY RACE",P2,sf75,P2_1
P2_005N,!!Total:!!Not Hispanic or Latino:!!Population of one race:!!White alone,"HISPANIC OR LATINO, AND NOT HISPANIC OR LATINO BY RACE",P2,sf76,P2_1
P2_006N,!!Total:!!Not Hispanic or Latino:!!Population of one race:!!Black or African American alone,"HISPANIC OR LATINO, AND NOT HISPANIC OR LATINO BY RACE",P2,sf77,P2_1
P2_007N,!!Total:!!Not Hispanic or Latino:!!Population of one race:!!American Indian and Alaska Native alone,"HISPANIC OR LATINO, AND NOT HISPANIC OR LATINO BY RACE",P2,sf78,P2_1
P2_008N,!!Total:!!Not Hispanic or Latino:!!Population of one race:!!Asian alone,"HISPANIC OR LATINO, AND NOT HISPANIC OR LATINO BY RACE",P2,sf79,P2_1
P2_009N,!!Total:!!Not Hispanic or Latino:!!Population of one race:!!Native Hawaiian and Other Pacific Islander alone,"HISPANIC OR LATINO, AND NOT HISPANIC OR LATINO BY RACE",P2,sf80,P2_1
P2_010N,!!Total:!!Not Hispanic or Latino:!!Population of one race:!!Some Other Race alone,"HISPANIC OR LATINO, AND NOT HISPANIC OR LATINO BY RACE",P2,sf81,P2_1
P2_011N,!!Total:!!Not Hispanic or Latino:!!Population of two or more races:,"HISPANIC OR LATINO, AND NOT HISPANIC OR LATINO BY RACE",P2,sf82,P2_1
P2_012N,!!Total:!!Not Hispanic or Latino:!!Population of two or more races:!!Population of two races:,"HISPANIC OR LATINO, AND NOT HISPANIC OR LATINO BY RACE",P2,sf83,P2_1
P2_013N,!!Total:!!Not Hispanic or Latino:!!Population of two or more races:!!Population of two races:!!White; Black or African American,"HISPANIC OR LATINO, AND NOT HISPANIC OR LATINO BY RACE",P2,sf84,P2_1
P2_014N,!!Total:!!Not Hispanic or Latino:!!Population of two or more races:!!Population of two races:!!White; American Indian and Alaska Native,"HISPANIC OR LATINO, AND NOT HISPANIC OR LATINO BY RACE",P2,sf85,P2_1
P2_015N,!!Total:!!Not Hispanic or Latino:!!Population of two or more races:!!Population of two races:!!White; Asian,"HISPANIC OR LATINO, AND NOT HISPANIC OR LATINO BY RACE",P2,sf86,P2_1
P2_016N,!!Total:!!Not Hispanic or Latino:!!Population of two or more races:!!Population of two races:!!White; Native Hawaiian and Other Pacific Islander,"HISPANIC OR LATINO, AND NOT HISPANIC OR LATINO BY RACE",P2,sf87,P2_1
P2_017N,!!Total:!!Not Hispanic or Latino:!!Population of two or more races:!!Population of two races:!!White; Some Other Race,"HISPANIC OR LATINO, AND NOT HISPANIC OR LATINO BY RACE",P2,sf88,P2_1
P2_018N,!!Total:!!Not Hispanic or Latino:!!Population of two or more races:!!Population of two races:!!Black or African American; American Indian and Alaska Native,"HISPANIC OR LATINO, AND NOT HISPANIC OR LATINO BY RACE",P2,sf89,P2_1
P2_019N,!!Total:!!Not Hispanic or Latino:!!Population of two or more races:!!Population of two races:!!Black or African American; Asian,"HISPANIC OR LATINO, AND NOT HISPANIC OR LATINO BY RACE",P2,sf90,P2_1
P2_020N,!!Total:!!Not Hispanic or Latino:!!Population of two or more races:!!Population of two races:!!Black or African American; Native Hawaiian and Other Pacific Islander,"HISPANIC OR LATINO, AND NOT HISPANIC OR LATINO BY RACE",P2,sf91,P2_1
P2_021N,!!Total:!!Not Hispanic or Latino:!!Population of two or more races:!!Population of two races:!!Black or African American; Some Other Race,"HISPANIC OR LATINO, AND NOT HISPANIC OR LATINO BY RACE",P2,sf92,P2_1
P2_022N,!!Total:!!Not Hispanic or Latino:!!Population of two or more races:!!Population of two races:!!American Indian and Alaska Native; Asian,"HISPANIC OR LATINO, AND NOT HISPANIC OR LATINO BY RACE",P2,sf93,P2_1
P2_023N,!!Total:!!Not Hispanic or Latino:!!Population of two or more races:!!Population of two races:!!American Indian and Alaska Native; Native Hawaiian and Other Pacific Islander,"HISPANIC OR LATINO, AND NOT HISPANIC OR LATINO BY RACE",P2,sf94,P2_1
P2_024N,!!Total:!!Not Hispanic or Latino:!!Population of two or more races:!!Population of two races:!!American Indian and Alaska Native; Some Other Race,"HISPANIC OR LATINO, AND NOT HISPANIC OR LATINO BY RACE",P2,sf95,P2_1
P2_025N,!!Total:!!Not Hispanic or Latino:!!Population of two or more races:!!Population of two races:!!Asian; Native Hawaiian and Other Pacific Islander,"HISPANIC OR LATINO, AND NOT HISPANIC OR LATINO BY RACE",P2,sf96,P2_1
P2_026N,!!Total:!!Not Hispanic or Latino:!!Population of two or more races:!!Population of two races:!!Asian; Some Other Race,"HISPANIC OR LATINO, AND NOT HISPANIC OR LATINO BY RACE",P2,sf97,P2_1
P2_027N,!!Total:!!Not Hispanic or Latino:!!Population of two or more races:!!Population of two races:!!Native Hawaiian and Other Pacific Islander; Some Other Race,"HISPANIC OR LATINO, AND NOT HISPANIC OR LATINO BY RACE",P2,sf98,P2_1
P2_028N,!!Total:!!Not Hispanic or Latino:!!Population of two or more races:!!Population of three races:,"HISPANIC OR LATINO, AND NOT HISPANIC OR LATINO BY RACE",P2,sf99,P2_1
P2_029N,!!Total:!!Not Hispanic or Latino:!!Population of two or more races:!!Population of three races:!!White; Black or African American; American Indian and Alaska Native,"HISPANIC OR LATINO, AND NOT HISPANIC OR LATINO BY RACE",P2,sf100,P2_1
P2_030N,!!Total:!!Not Hispanic or Latino:!!Population of two or more races:!!Population of three races:!!White; Black or African American; Asian,"HISPANIC OR LATINO, AND NOT HISPANIC OR LATINO BY RACE",P2,sf101,P2_1
P2_031N,!!Total:!!Not Hispanic or Latino:!!Population of two or more races:!!Population of three races:!!White; Black or African American; Native Hawaiian and Other Pacific Islander,"HISPANIC OR LATINO, AND NOT HISPANIC OR LATINO BY RACE",P2,sf102,P2_1
P2_032N,!!Total:!!Not Hispanic or Latino:!!Population of two or more races:!!Population of three races:!!White; Black or African American; Some Other Race,"HISPANIC OR LATINO, AND NOT HISPANIC OR LATINO BY RACE",P2,sf103,P2_1
P2_033N,!!Total:!!Not Hispanic or Latino:!!Population of two or more races:!!Population of three races:!!White; American Indian and Alaska Native; Asian,"HISPANIC OR LATINO, AND NOT HISPANIC OR LATINO BY RACE",P2,sf104,P2_1
P2_034N,!!Total:!!Not Hispanic or Latino:!!Population of two or more races:!!Population of three races:!!White; American Indian and Alaska Native; Native Hawaiian and Other Pacific Islander,"HISPANIC OR LATINO, AND NOT HISPANIC OR LATINO BY RACE",P2,sf105,P2_1
P2_035N,!!Total:!!Not Hispanic or Latino:!!Population of two or more races:!!Population of three races:!!White; American Indian and Alaska Native; Some Other Race,"HISPANIC OR LATINO, AND NOT HISPANIC OR LATINO BY RACE",P2,sf106,P2_1
P2_036N,!!Total:!!Not Hispanic or Latino:!!Population of two or more races:!!Population of three races:!!White; Asian; Native Hawaiian and Other Pacific Islander,"HISPANIC OR LATINO, AND NOT HISPANIC OR LATINO BY RACE",P2,sf107,P2_1
P2_037N,!!Total:!!Not Hispanic or Latino:!!Population of two or more races:!!Population of three races:!!White; Asian; Some Other Race,"HISPANIC OR LATINO, AND NOT HISPANIC OR LATINO BY RACE",P2,sf108,P2_1
P2_038N,!!Total:!!Not Hispanic or Latino:!!Population of two or more races:!!Population of three races:!!White; Native Hawaiian and Other Pacific Islander; Some Other Race,"HISPANIC OR LATINO, AND NOT HISPANIC OR LATINO BY RACE",P2,sf109,P2_1
P2_039N,!!Total:!!Not Hispanic or Latino:!!Population of two or more races:!!Population of three races:!!Black or African American; American Indian and Alaska Native; Asian,"HISPANIC OR LATINO, AND NOT HISPANIC OR LATINO BY RACE",P2,sf110,P2_1
P2_040N,!!Total:!!Not Hispanic or Latino:!!Population of two or more races:!!Population of three races:!!Black or African American; American Indian and Alaska Native; Native Hawaiian and Other Pacific Islander,"HISPANIC OR LATINO, AND NOT HISPANIC OR LATINO BY RACE",P2,sf111,P2_1
P2_041N,!!Total:!!Not Hispanic or Latino:!!Population of two or more races:!!Population of three races:!!Black or African American; American Indian and Alaska Native; Some Other Race,"HISPANIC OR LATINO, AND NOT HISPANIC OR LATINO BY RACE",P2,sf112,P2_1
P2_042N,!!Total:!!Not Hispanic or Latino:!!Population of two or more races:!!Population of three races:!!Black or African American; Asian; Native Hawaiian and Other Pacific Islander,"HISPANIC OR LATINO, AND NOT HISPANIC OR LATINO BY RACE",P2,sf113,P2_1
P2_043N,!!Total:!!Not Hispanic or Latino:!!Population of two or more races:!!Population of three races:!!Black or African American; Asian; Some Other Race,"HISPANIC OR LATINO, AND NOT HISPANIC OR LATINO BY RACE",P2,sf114,P2_1
P2_044N,!!Total:!!Not Hispanic or Latino:!!Population of two or more races:!!Population of three races:!!Black or African American; Native Hawaiian and Other Pacific Islander; Some Other Race,"HISPANIC OR LATINO, AND NOT HISPANIC OR LATINO BY RACE",P2,sf115,P2_1
P2_045N,!!Total:!!Not Hispanic or Latino:!!Population of two or more races:!!Population of three races:!!American Indian and Alaska Native; Asian; Native Hawaiian and Other Pacific Islander,"HISPANIC OR LATINO, AND NOT HISPANIC OR LATINO BY RACE",P2,sf116,P2_1
P2_046N,!!Total:!!Not Hispanic or Latino:!!Population of two or more races:!!Population of three races:!!American Indian and Alaska Native; Asian; Some Other Race,"HISPANIC OR LATINO, AND NOT HISPANIC OR LATINO BY RACE",P2,sf117,P2_1
P2_047N,!!Total:!!Not Hispanic or Latino:!!Population of two or more races:!!Population of three races:!!American Indian and Alaska Native; Native Hawaiian and Other Pacific Islander; Some Other Race,"HISPANIC OR LATINO, AND NOT HISPANIC OR LATINO BY RACE",P2,sf118,P2_1
P2_048N,!!Total:!!Not Hispanic or Latino:!!Population of two or more races:!!Population of three races:!!Asian; Native Hawaiian and Other Pacific Islander; Some Other Race,"HISPANIC OR LATINO, AND NOT HISPANIC OR LATINO BY RACE",P2,sf119,P2_1
P2_049N,!!Total:!!Not Hispanic or Latino:!!Population of two or more races:!!Population of four races:,"HISPANIC OR LATINO, AND NOT HISPANIC OR LATINO BY RACE",P2,sf120,P2_1
P2_050N,!!Total:!!Not Hispanic or Latino:!!Population of two or more races:!!Population of four races:!!White; Black or African American; American Indian and Alaska Native; Asian,"HISPANIC OR LATINO, AND NOT HISPANIC OR LATINO BY RACE",P2,sf121,P2_1
P2_051N,!!Total:!!Not Hispanic or Latino:!!Population of two or more races:!!Population of four races:!!White; Black or African American; American Indian and Alaska Native; Native Hawaiian and Other Pacific Islander,"HISPANIC OR LATINO, AND NOT HISPANIC OR LATINO BY RACE",P2,sf122,P2_1
P2_052N,!!Total:!!Not Hispanic or Latino:!!Population of two or more races:!!Population of four races:!!White; Black or African American; American Indian and Alaska Native; Some Other Race,"HISPANIC OR LATINO, AND NOT HISPANIC OR LATINO BY RACE",P2,sf123,P2_1
P2_053N,!!Total:!!Not Hispanic or Latino:!!Population of two or more races:!!Population of four races:!!White; Black or African American; Asian; Native Hawaiian and Other Pacific Islander,"HISPANIC OR LATINO, AND NOT HISPANIC OR LATINO BY RACE",P2,sf124,P2_1
P2_054N,!!Total:!!Not Hispanic or Latino:!!Population of two or more races:!!Population of four races:!!White; Black or African American; Asian; Some Other Race,"HISPANIC OR LATINO, AND NOT HISPANIC OR LATINO BY RACE",P2,sf125,P2_1
P2_055N,!!Total:!!Not Hispanic or Latino:!!Population of two or more races:!!Population of four races:!!White; Black or African American; Native Hawaiian and Other Pacific Islander; Some Other Race,"HISPANIC OR LATINO, AND NOT HISPANIC OR LATINO BY RACE",P2,sf126,P2_1
P2_056N,!!Total:!!Not Hispanic or Latino:!!Population of two or more races:!!Population of four races:!!White; American Indian and Alaska Native; Asian; Native Hawaiian and Other Pacific Islander,"HISPANIC OR LATINO, AND NOT HISPANIC OR LATINO BY RACE",P2,sf127,P2_1
P2_057N,!!Total:!!Not Hispanic or Latino:!!Population of two or more races:!!Population of four races:!!White; American Indian and Alaska Native; Asian; Some Other Race,"HISPANIC OR LATINO, AND NOT HISPANIC OR LATINO BY RACE",P2,sf128,P2_1
P2_058N,!!Total:!!Not Hispanic or Latino:!!Population of two or more races:!!Population of four races:!!White; American Indian and Alaska Native; Native Hawaiian and Other Pacific Islander; Some Other Race,"HISPANIC OR LATINO, AND NOT HISPANIC OR LATINO BY RACE",P2,sf129,P2_1
P2_059N,!!Total:!!Not Hispanic or Latino:!!Population of two or more races:!!Population of four races:!!White; Asian; Native Hawaiian and Other Pacific Islander; Some Other Race,"HISPANIC OR LATINO, AND NOT HISPANIC OR LATINO BY RACE",P2,sf130,P2_1
P2_060N,!!Total:!!Not Hispanic or Latino:!!Population of two or more races:!!Population of four races:!!Black or African American; American Indian and Alaska Native; Asian; Native Hawaiian and Other Pacific Islander,"HISPANIC OR LATINO, AND NOT HISPANIC OR LATINO BY RACE",P2,sf131,P2_1
P2_061N,!!Total:!!Not Hispanic or Latino:!!Population of two or more races:!!Population of four races:!!Black or African American; American Indian and Alaska Native; Asian; Some Other Race,"HISPANIC OR LATINO, AND NOT HISPANIC OR LATINO BY RACE",P2,sf132,P2_1
P2_062N,!!Total:!!Not Hispanic or Latino:!!Population of two or more races:!!Population of four races:!!Black or African American; American Indian and Alaska Native; Native Hawaiian and Other Pacific Islander; Some Other Race,"HISPANIC OR LATINO, AND NOT HISPANIC OR LATINO BY RACE",P2,sf133,P2_1
P2_063N,!!Total:!!Not Hispanic or Latino:!!Population of two or more races:!!Population of four races:!!Black or African American; Asian; Native Hawaiian and Other Pacific Islander; Some Other Race,"HISPANIC OR LATINO, AND NOT HISPANIC OR LATINO BY RACE",P2,sf134,P2_1
P2_064N,!!Total:!!Not Hispanic or Latino:!!Population of two or more races:!!Population of four races:!!American Indian and Alaska Native; Asian; Native Hawaiian and Other Pacific Islander; Some Other Race,"HISPANIC OR LATINO, AND NOT HISPANIC OR LATINO BY RACE",P2,sf135,P2_1
P2_065N,!!Total:!!Not Hispanic or Latino:!!Population of two or more races:!!Population of five races:,"HISPANIC OR LATINO, AND NOT HISPANIC OR LATINO BY RACE",P2,sf136,P2_1
P2_066N,!!Total:!!Not Hispanic or Latino:!!Population of two or more races:!!Population of five races:!!White; Black or African American; American Indian and Alaska Native; Asian; Native Hawaiian and Other Pacific Islander,"HISPANIC OR LATINO, AND NOT HISPANIC OR LATINO BY RACE",P2,sf137,P2_1
P2_067N,!!Total:!!Not Hispanic or Latino:!!Population of two or more races:!!Population of five races:!!White; Black or African American; American Indian and Alaska Native; Asian; Some Other Race,"HISPANIC OR LATINO, AND NOT HISPANIC OR LATINO BY RACE",P2,sf138,P2_1
P2_068N,!!Total:!!Not Hispanic or Latino:!!Population of two or more races:!!Population of five races:!!White; Black or African American; American Indian and Alaska Native; Native Hawaiian and Other Pacific Islander; Some Other Race,"HISPANIC OR LATINO, AND NOT HISPANIC OR LATINO BY RACE",P2,sf139,P2_1
P2_069N,!!Total:!!Not Hispanic or Latino:!!Population of two or more races:!!Population of five races:!!White; Black or African American; Asian; Native Hawaiian and Other Pacific Islander; Some Other Race,"HISPANIC OR LATINO, AND NOT HISPANIC OR LATINO BY RACE",P2,sf140,P2_1
P2_070N,!!Total:!!Not Hispanic or Latino:!!Population of two or more races:!!Population of five races:!!White; American Indian and Alaska Native; Asian; Native Hawaiian and Other Pacific Islander; Some Other Race,"HISPANIC OR LATINO, AND NOT HISPANIC OR LATINO BY RACE",P2,sf141,P2_1
P2_071N,!!Total:!!Not Hispanic or Latino:!!Population of two or more races:!!Population of five races:!!Black or African American; American Indian and Alaska Native; Asian; Native Hawaiian and Other Pacific Islander; Some Other Race,"HISPANIC OR LATINO, AND NOT HISPANIC OR LATINO BY RACE",P2,sf142,P2_1
P2_072N,!!Total:!!Not Hispanic or Latino:!!Population of two or more races:!!Population of six races:,"HISPANIC OR LATINO, AND NOT HISPANIC OR LATINO BY RACE",P2,sf143,P2_1
P2_073N,!!Total:!!Not Hispanic or Latino:!!Population of two or more races:!!Population of six races:!!White; Black or African American; American Indian and Alaska Native; Asian; Native Hawaiian and Other Pacific Islander; Some Other Race,"HISPANIC OR LATINO, AND NOT HISPANIC OR LATINO BY RACE",P2,sf144,P2_1
P3_001N,!!Total:,RACE FOR THE POPULATION 18 YEARS AND OVER,P3,sf145,P3_1
P3_002N,!!Total:!!Population of one race:,RACE FOR THE POPULATION 18 YEARS AND OVER,P3,sf146,P3_1
P3_003N,!!Total:!!Population of one race:!!White alone,RACE FOR THE POPULATION 18 YEARS AND OVER,P3,sf147,P3_1
P3_004N,!!Total:!!Population of one race:!!Black or African American alone,RACE FOR THE POPULATION 18 YEARS AND OVER,P3,sf148,P3_1
P3_005N,!!Total:!!Population of one race:!!American Indian and Alaska Native alone,RACE FOR THE POPULATION 18 YEARS AND OVER,P3,sf149,P3_1
P3_006N,!!Total:!!Population of one race:!!Asian alone,RACE FOR THE POPULATION 18 YEARS AND OVER,P3,sf150,P3_1
P3_007N,!!Total:!!Population of one race:!!Native Hawaiian and Other Pacific Islander alone,RACE FOR THE POPULATION 18 YEARS AND OVER,P3,sf151,P3_1
P3_008N,!!Total:!!Population of one race:!!Some Other Race alone,RACE FOR THE POPULATION 18 YEARS AND OVER,P3,sf152,P3_1
P3_009N,!!Total:!!Population of two or more races:,RACE FOR THE POPULATION 18 YEARS AND OVER,P3,sf153,P3_1
P3_010N,!!Total:!!Population of two or more races:!!Population of two races:,RACE FOR THE POPULATION 18 YEARS AND OVER,P3,sf154,P3_1
P3_011N,!!Total:!!Population of two or more races:!!Population of two races:!!White; Black or African American,RACE FOR THE POPULATION 18 YEARS AND OVER,P3,sf155,P3_1
P3_012N,!!Total:!!Population of two or more races:!!Population of two races:!!White; American Indian and Alaska Native,RACE FOR THE POPULATION 18 YEARS AND OVER,P3,sf156,P3_1
P3_013N,!!Total:!!Population of two or more races:!!Population of two races:!!White; Asian,RACE FOR THE POPULATION 18 YEARS AND OVER,P3,sf157,P3_1
P3_014N,!!Total:!!Population of two or more races:!!Population of two races:!!White; Native Hawaiian and Other Pacific Islander,RACE FOR THE POPULATION 18 YEARS AND OVER,P3,sf158,P3_1
P3_015N,!!Total:!!Population of two or more races:!!Population of two races:!!White; Some Other Race,RACE FOR THE POPULATION 18 YEARS AND OVER,P3,sf159,P3_1
P3_016N,!!Total:!!Population of two or more races:!!Population of two races:!!Black or African American; American Indian and Alaska Native,RACE FOR THE POPULATION 18 YEARS AND OVER,P3,sf160,P3_1
P3_017N,!!Total:!!Population of two or more races:!!Population of two races:!!Black or African American; Asian,RACE FOR THE POPULATION 18 YEARS AND OVER,P3,sf161,P3_1
P3_018N,!!Total:!!Population of two or more races:!!Population of two races:!!Black or African American; Native Hawaiian and Other Pacific Islander,RACE FOR THE POPULATION 18 YEARS AND OVER,P3,sf162,P3_1
P3_019N,!!Total:!!Population of two or more races:!!Population of two races:!!Black or African American; Some Other Race,RACE FOR THE POPULATION 18 YEARS AND OVER,P3,sf163,P3_1
P3_020N,!!Total:!!Population of two or more races:!!Population of two races:!!American Indian and Alaska Native; Asian,RACE FOR THE POPULATION 18 YEARS AND OVER,P3,sf164,P3_1
P3_021N,!!Total:!!Population of two or more races:!!Population of two races:!!American Indian and Alaska Native; Native Hawaiian and Other Pacific Islander,RACE FOR THE POPULATION 18 YEARS AND OVER,P3,sf165,P3_1
P3_022N,!!Total:!!Population of two or more races:!!Population of two races:!!American Indian and Alaska Native; Some Other Race,RACE FOR THE POPULATION 18 YEARS AND OVER,P3,sf166,P3_1
P3_023N,!!Total:!!Population of two or more races:!!Population of two races:!!Asian; Native Hawaiian and Other Pacific Islander,RACE FOR THE POPULATION 18 YEARS AND OVER,P3,sf167,P3_1
P3_024N,!!Total:!!Population of two or more races:!!Population of two races:!!Asian; Some Other Race,RACE FOR THE POPULATION 18 YEARS AND OVER,P3,sf168,P3_1
P3_025N,!!Total:!!Population of two or more races:!!Population of two races:!!Native Hawaiian and Other Pacific Islander; Some Other Race,RACE FOR THE POPULATION 18 YEARS AND OVER,P3,sf169,P3_1
P3_026N,!!Total:!!Population of two or more races:!!Population of three races:,RACE FOR THE POPULATION 18 YEARS AND OVER,P3,sf170,P3_1
P3_027N,!!Total:!!Population of two or more races:!!Population of three races:!!White; Black or African American; American Indian and Alaska Native,RACE FOR THE POPULATION 18 YEARS AND OVER,P3,sf171,P3_1
P3_028N,!!Total:!!Population of two or more races:!!Population of three races:!!White; Black or African American; Asian,RACE FOR THE POPULATION 18 YEARS AND OVER,P3,sf172,P3_1
P3_029N,!!Total:!!Population of two or more races:!!Population of three races:!!White; Black or African American; Native Hawaiian and Other Pacific Islander,RACE FOR THE POPULATION 18 YEARS AND OVER,P3,sf173,P3_1
P3_030N,!!Total:!!Population of two or more races:!!Population of three races:!!White; Black or African American; Some Other Race,RACE FOR THE POPULATION 18 YEARS AND OVER,P3,sf174,P3_1
P3_031N,!!Total:!!Population of two or more races:!!Population of three races:!!White; American Indian and Alaska Native; Asian,RACE FOR THE POPULATION 18 YEARS AND OVER,P3,sf175,P3_1
P3_032N,!!Total:!!Population of two or more races:!!Population of three races:!!White; American Indian and Alaska Native; Native Hawaiian and Other Pacific Islander,RACE FOR THE POPULATION 18 YEARS AND OVER,P3,sf176,P3_1
P3_033N,!!Total:!!Population of two or more races:!!Population of three races:!!White; American Indian and Alaska Native; Some Other Race,RACE FOR THE POPULATION 18 YEARS AND OVER,P3,sf177,P3_1
P3_034N,!!Total:!!Population of two or more races:!!Population of three races:!!White; Asian; Native Hawaiian and Other Pacific Islander,RACE FOR THE POPULATION 18 YEARS AND OVER,P3,sf178,P3_1
P3_035N,!!Total:!!Population of two or more races:!!Population of three races:!!White; Asian; Some Other Race,RACE FOR THE POPULATION 18 YEARS AND OVER,P3,sf179,P3_1
P3_036N,!!Total:!!Population of two or more races:!!Population of three races:!!White; Native Hawaiian and Other Pacific Islander; Some Other Race,RACE FOR THE POPULATION 18 YEARS AND OVER,P3,sf180,P3_1
P3_037N,!!Total:!!Population of two or more races:!!Population of three races:!!Black or African American; American Indian and Alaska Native; Asian,RACE FOR THE POPULATION 18 YEARS AND OVER,P3,sf181,P3_1
P3_038N,!!Total:!!Population of two or more races:!!Population of three races:!!Black or African American; American Indian and Alaska Native; Native Hawaiian and Other Pacific Islander,RACE FOR THE POPULATION 18 YEARS AND OVER,P3,sf182,P3_1
P3_039N,!!Total:!!Population of two or more races:!!Population of three races:!!Black or African American; American Indian and Alaska Native; Some Other Race,RACE FOR THE POPULATION 18 YEARS AND OVER,P3,sf183,P3_1
P3_040N,!!Total:!!Population of two or more races:!!Population of three races:!!Black or African American; Asian; Native Hawaiian and Other Pacific Islander,RACE FOR THE POPULATION 18 YEARS AND OVER,P3,sf184,P3_1
P3_041N,!!Total:!!Population of two or more races:!!Population of three races:!!Black or African American; Asian; Some Other Race,RACE FOR THE POPULATION 18 YEARS AND OVER,P3,sf185,P3_1
P3_042N,!!Total:!!Population of two or more races:!!Population of three races:!!Black or African American; Native Hawaiian and Other Pacific Islander; Some Other Race,RACE FOR THE POPULATION 18 YEARS AND OVER,P3,sf186,P3_1
P3_043N,!!Total:!!Population of two or more races:!!Population of three races:!!American Indian and Alaska Native; Asian; Native Hawaiian and Other Pacific Islander,RACE FOR THE POPULATION 18 YEARS AND OVER,P3,sf187,P3_1
P3_044N,!!Total:!!Population of two or more races:!!Population of three races:!!American Indian and Alaska Native; Asian; Some Other Race,RACE FOR THE POPULATION 18 YEARS AND OVER,P3,sf188,P3_1
P3_045N,!!Total:!!Population of two or more races:!!Population of three races:!!American Indian and Alaska Native; Native Hawaiian and Other Pacific Islander; Some Other Race,RACE FOR THE POPULATION 18 YEARS AND OVER,P3,sf189,P3_1
P3_046N,!!Total:!!Population of two or more races:!!Population of three races:!!Asian; Native Hawaiian and Other Pacific Islander; Some Other Race,RACE FOR THE POPULATION 18 YEARS AND OVER,P3,sf190,P3_1
P3_047N,!!Total:!!Population of two or more races:!!Population of four races:,RACE FOR THE POPULATION 18 YEARS AND OVER,P3,sf191,P3_1
P3_048N,!!Total:!!Population of two or more races:!!Population of four races:!!White; Black or African American; American Indian and Alaska Native; Asian,RACE FOR THE POPULATION 18 YEARS AND OVER,P3,sf192,P3_1
P3_049N,!!Total:!!Population of two or more races:!!Population of four races:!!White; Black or African American; American Indian and Alaska Native; Native Hawaiian and Other Pacific Islander,RACE FOR THE POPULATION 18 YEARS AND OVER,P3,sf193,P3_1
P3_050N,!!Total:!!Population of two or more races:!!Population of four races:!!White; Black or African American; American Indian and Alaska Native; Some Other Race,RACE FOR THE POPULATION 18 YEARS AND OVER,P3,sf194,P3_1
P3_051N,!!Total:!!Population of two or more races:!!Population of four races:!!White; Black or African American; Asian; Native Hawaiian and Other Pacific Islander,RACE FOR THE POPULATION 18 YEARS AND OVER,P3,sf195,P3_1
P3_052N,!!Total:!!Population of two or more races:!!Population of four races:!!White; Black or African American; Asian; Some Other Race,RACE FOR THE POPULATION 18 YEARS AND OVER,P3,sf196,P3_1
P3_053N,!!Total:!!Population of two or more races:!!Population of four races:!!White; Black or African American; Native Hawaiian and Other Pacific Islander; Some Other Race,RACE FOR THE POPULATION 18 YEARS AND OVER,P3,sf197,P3_1
P3_054N,!!Total:!!Population of two or more races:!!Population of four races:!!White; American Indian and Alaska Native; Asian; Native Hawaiian and Other Pacific Islander,RACE FOR THE POPULATION 18 YEARS AND OVER,P3,sf198,P3_1
P3_055N,!!Total:!!Population of two or more races:!!Population of four races:!!White; American Indian and Alaska Native; Asian; Some Other Race,RACE FOR THE POPULATION 18 YEARS AND OVER,P3,sf199,P3_1
P3_056N,!!Total:!!Population of two or more races:!!Population of four races:!!White; American Indian and Alaska Native; Native Hawaiian and Other Pacific Islander; Some Other Race,RACE FOR THE POPULATION 18 YEARS AND OVER,P3,sf200,P3_1
P3_057N,!!Total:!!Population of two or more races:!!Population of four races:!!White; Asian; Native Hawaiian and Other Pacific Islander; Some Other Race,RACE FOR THE POPULATION 18 YEARS AND OVER,P3,sf201,P3_1
P3_058N,!!Total:!!Population of two or more races:!!Population of four races:!!Black or African American; American Indian and Alaska Native; Asian; Native Hawaiian and Other Pacific Islander,RACE FOR THE POPULATION 18 YEARS AND OVER,P3,sf202,P3_1
P3_059N,!!Total:!!Population of two or more races:!!Population of four races:!!Black or African American; American Indian and Alaska Native; Asian; Some Other Race,RACE FOR THE POPULATION 18 YEARS AND OVER,P3,sf203,P3_1
P3_060N,!!Total:!!Population of two or more races:!!Population of four races:!!Black or African American; American Indian and Alaska Native; Native Hawaiian and Other Pacific Islander; Some Other Race,RACE FOR THE POPULATION 18 YEARS AND OVER,P3,sf204,P3_1
P3_061N,!!Total:!!Population of two or more races:!!Population of four races:!!Black or African American; Asian; Native Hawaiian and Other Pacific Islander; Some Other Race,RACE FOR THE POPULATION 18 YEARS AND OVER,P3,sf205,P3_1
P3_062N,!!Total:!!Population of two or more races:!!Population of four races:!!American Indian and Alaska Native; Asian; Native Hawaiian and Other Pacific Islander; Some Other Race,RACE FOR THE POPULATION 18 YEARS AND OVER,P3,sf206,P3_1
P3_063N,!!Total:!!Population of two or more races:!!Population of five races:,RACE FOR THE POPULATION 18 YEARS AND OVER,P3,sf207,P3_1
P3_064N,!!Total:!!Population of two or more races:!!Population of five races:!!White; Black or African American; American Indian and Alaska Native; Asian; Native Hawaiian and Other Pacific Islander,RACE FOR THE POPULATION 18 YEARS AND OVER,P3,sf208,P3_1
P3_065N,!!Total:!!Population of two or more races:!!Population of five races:!!White; Black or African American; American Indian and Alaska Native; Asian; Some Other Race,RACE FOR THE POPULATION 18 YEARS AND OVER,P3,sf209,P3_1
P3_066N,!!Total:!!Population of two or more races:!!Population of five races:!!White; Black or African American; American Indian and Alaska Native; Native Hawaiian and Other Pacific Islander; Some Other Race,RACE FOR THE POPULATION 18 YEARS AND OVER,P3,sf210,P3_1
P3_067N,!!Total:!!Population of two or more races:!!Population of five races:!!White; Black or African American; Asian; Native Hawaiian and Other Pacific Islander; Some Other Race,RACE FOR THE POPULATION 18 YEARS AND OVER,P3,sf211,P3_1
P3_068N,!!Total:!!Population of two or more races:!!Population of five races:!!White; American Indian and Alaska Native; Asian; Native Hawaiian and Other Pacific Islander; Some Other Race,RACE FOR THE POPULATION 18 YEARS AND OVER,P3,sf212,P3_1
P3_069N,!!Total:!!Population of two or more races:!!Population of five races:!!Black or African American; American Indian and Alaska Native; Asian; Native Hawaiian and Other Pacific Islander; Some Other Race,RACE FOR THE POPULATION 18 YEARS AND OVER,P3,sf213,P3_1
P3_070N,!!Total:!!Population of two or more races:!!Population of six races:,RACE FOR THE POPULATION 18 YEARS AND OVER,P3,sf214,P3_1
P3_071N,!!Total:!!Population of two or more races:!!Population of six races:!!White; Black or African American; American Indian and Alaska Native; Asian; Native Hawaiian and Other Pacific Islander; Some Other Race,RACE FOR THE POPULATION 18 YEARS AND OVER,P3,sf215,P3_1
P4_001N,!!Total:,"HISPANIC OR LATINO, AND NOT HISPANIC OR LATINO BY RACE FOR THE POPULATION 18 YEARS AND OVER",P4,sf216,P4_1
P4_002N,!!Total:!!Hispanic or Latino,"HISPANIC OR LATINO, AND NOT HISPANIC OR LATINO BY RACE FOR THE POPULATION 18 YEARS AND OVER",P4,sf217,P4_1
P4_003N,!!Total:!!Not Hispanic or Latino:,"HISPANIC OR LATINO, AND NOT HISPANIC OR LATINO BY RACE FOR THE POPULATION 18 YEARS AND OVER",P4,sf218,P4_1
P4_004N,!!Total:!!Not Hispanic or Latino:!!Population of one race:,"HISPANIC OR LATINO, AND NOT HISPANIC OR LATINO BY RACE FOR THE POPULATION 18 YEARS AND OVER",P4,sf219,P4_1
P4_005N,!!Total:!!Not Hispanic or Latino:!!Population of one race:!!White alone,"HISPANIC OR LATINO, AND NOT HISPANIC OR LATINO BY RACE FOR THE POPULATION 18 YEARS AND OVER",P4,sf220,P4_1
P4_006N,!!Total:!!Not Hispanic or Latino:!!Population of one race:!!Black or African American alone,"HISPANIC OR LATINO, AND NOT HISPANIC OR LATINO BY RACE FOR THE POPULATION 18 YEARS AND OVER",P4,sf221,P4_1
P4_007N,!!Total:!!Not Hispanic or Latino:!!Population of one race:!!American Indian and Alaska Native alone,"HISPANIC OR LATINO, AND NOT HISPANIC OR LATINO BY RACE FOR THE POPULATION 18 YEARS AND OVER",P4,sf222,P4_1
P4_008N,!!Total:!!Not Hispanic or Latino:!!Population of one race:!!Asian alone,"HISPANIC OR LATINO, AND NOT HISPANIC OR LATINO BY RACE FOR THE POPULATION 18 YEARS AND OVER",P4,sf223,P4_1
P4_009N,!!Total:!!Not Hispanic or Latino:!!Population of one race:!!Native Hawaiian and Other Pacific Islander alone,"HISPANIC OR LATINO, AND NOT HISPANIC OR LATINO BY RACE FOR THE POPULATION 18 YEARS AND OVER",P4,sf224,P4_1
P4_010N,!!Total:!!Not Hispanic or Latino:!!Population of one race:!!Some Other Race alone,"HISPANIC OR LATINO, AND NOT HISPANIC OR LATINO BY RACE FOR THE POPULATION 18 YEARS AND OVER",P4,sf225,P4_1
P4_011N,!!Total:!!Not Hispanic or Latino:!!Population of two or more races:,"HISPANIC OR LATINO, AND NOT HISPANIC OR LATINO BY RACE FOR THE POPULATION 18 YEARS AND OVER",P4,sf226,P4_1
P4_012N,!!Total:!!Not Hispanic or Latino:!!Population of two or more races:!!Population of two races:,"HISPANIC OR LATINO, AND NOT HISPANIC OR LATINO BY RACE FOR THE POPULATION 18 YEARS AND OVER",P4,sf227,P4_1
P4_013N,!!Total:!!Not Hispanic or Latino:!!Population of two or more races:!!Population of two races:!!White; Black or African American,"HISPANIC OR LATINO, AND NOT HISPANIC OR LATINO BY RACE FOR THE POPULATION 18 YEARS AND OVER",P4,sf228,P4_1
P4_014N,!!Total:!!Not Hispanic or Latino:!!Population of two or more races:!!Population of two races:!!White; American Indian and Alaska Native,"HISPANIC OR LATINO, AND NOT HISPANIC OR LATINO BY RACE FOR THE POPULATION 18 YEARS AND OVER",P4,sf229,P4_1
P4_015N,!!Total:!!Not Hispanic or Latino:!!Population of two or more races:!!Population of two races:!!White; Asian,"HISPANIC OR LATINO, AND NOT HISPANIC OR LATINO BY RACE FOR THE POPULATION 18 YEARS AND OVER",P4,sf230,P4_1
P4_016N,!!Total:!!Not Hispanic or Latino:!!Population of two or more races:!!Population of two races:!!White; Native Hawaiian and Other Pacific Islander,"HISPANIC OR LATINO, AND NOT HISPANIC OR LATINO BY RACE FOR THE POPULATION 18 YEARS AND OVER",P4,sf231,P4_1
P4_017N,!!Total:!!Not Hispanic or Latino:!!Population of two or more races:!!Population of two races:!!White; Some Other Race,"HISPANIC OR LATINO, AND NOT HISPANIC OR LATINO BY RACE FOR THE POPULATION 18 YEARS AND OVER",P4,sf232,P4_1
P4_018N,!!Total:!!Not Hispanic or Latino:!!Population of two or more races:!!Population of two races:!!Black or African American; American Indian and Alaska Native,"HISPANIC OR LATINO, AND NOT HISPANIC OR LATINO BY RACE FOR THE POPULATION 18 YEARS AND OVER",P4,sf233,P4_1
P4_019N,!!Total:!!Not Hispanic or Latino:!!Population of two or more races:!!Population of two races:!!Black or African American; Asian,"HISPANIC OR LATINO, AND NOT HISPANIC OR LATINO BY RACE FOR THE POPULATION 18 YEARS AND OVER",P4,sf234,P4_1
P4_020N,!!Total:!!Not Hispanic or Latino:!!Population of two or more races:!!Population of two races:!!Black or African American; Native Hawaiian and Other Pacific Islander,"HISPANIC OR LATINO, AND NOT HISPANIC OR LATINO BY RACE FOR THE POPULATION 18 YEARS AND OVER",P4,sf235,P4_1
P4_021N,!!Total:!!Not Hispanic or Latino:!!Population of two or more races:!!Population of two races:!!Black or African American; Some Other Race,"HISPANIC OR LATINO, AND NOT HISPANIC OR LATINO BY RACE FOR THE POPULATION 18 YEARS AND OVER",P4,sf236,P4_1
P4_022N,!!Total:!!Not Hispanic or Latino:!!Population of two or more races:!!Population of two races:!!American Indian and Alaska Native; Asian,"HISPANIC OR LATINO, AND NOT HISPANIC OR LATINO BY RACE FOR THE POPULATION 18 YEARS AND OVER",P4,sf237,P4_1
P4_023N,!!Total:!!Not Hispanic or Latino:!!Population of two or more races:!!Population of two races:!!American Indian and Alaska Native; Native Hawaiian and Other Pacific Islander,"HISPANIC OR LATINO, AND NOT HISPANIC OR LATINO BY RACE FOR THE POPULATION 18 YEARS AND OVER",P4,sf238,P4_1
P4_024N,!!Total:!!Not Hispanic or Latino:!!Population of two or more races:!!Population of two races:!!American Indian and Alaska Native; Some Other Race,"HISPANIC OR LATINO, AND NOT HISPANIC OR LATINO BY RACE FOR THE POPULATION 18 YEARS AND OVER",P4,sf239,P4_1
P4_025N,!!Total:!!Not Hispanic or Latino:!!Population of two or more races:!!Population of two races:!!Asian; Native Hawaiian and Other Pacific Islander,"HISPANIC OR LATINO, AND NOT HISPANIC OR LATINO BY RACE FOR THE POPULATION 18 YEARS AND OVER",P4,sf240,P4_1
P4_026N,!!Total:!!Not Hispanic or Latino:!!Population of two or more races:!!Population of two races:!!Asian; Some Other Race,"HISPANIC OR LATINO, AND NOT HISPANIC OR LATINO BY RACE FOR THE POPULATION 18 YEARS AND OVER",P4,sf241,P4_1
P4_027N,!!Total:!!Not Hispanic or Latino:!!Population of two or more races:!!Population of two races:!!Native Hawaiian and Other Pacific Islander; Some Other Race,"HISPANIC OR LATINO, AND NOT HISPANIC OR LATINO BY RACE FOR THE POPULATION 18 YEARS AND OVER",P4,sf242,P4_1
P4_028N,!!Total:!!Not Hispanic or Latino:!!Population of two or more races:!!Population of three races:,"HISPANIC OR LATINO, AND NOT HISPANIC OR LATINO BY RACE FOR THE POPULATION 18 YEARS AND OVER",P4,sf243,P4_1
P4_029N,!!Total:!!Not Hispanic or Latino:!!Population of two or more races:!!Population of three races:!!White; Black or African American; American Indian and Alaska Native,"HISPANIC OR LATINO, AND NOT HISPANIC OR LATINO BY RACE FOR THE POPULATION 18 YEARS AND OVER",P4,sf244,P4_1
P4_030N,!!Total:!!Not Hispanic or Latino:!!Population of two or more races:!!Population of three races:!!White; Black or African American; Asian,"HISPANIC OR LATINO, AND NOT HISPANIC OR LATINO BY RACE FOR THE POPULATION 18 YEARS AND OVER",P4,sf245,P4_1
P4_031N,!!Total:!!Not Hispanic or Latino:!!Population of two or more races:!!Population of three races:!!White; Black or African American; Native Hawaiian and Other Pacific Islander,"HISPANIC OR LATINO, AND NOT HISPANIC OR LATINO BY RACE FOR THE POPULATION 18 YEARS AND OVER",P4,sf246,P4_1
P4_032N,!!Total:!!Not Hispanic or Latino:!!Population of two or more races:!!Population of three races:!!White; Black or African American; Some Other Race,"HISPANIC OR LATINO, AND NOT HISPANIC OR LATINO BY RACE FOR THE POPULATION 18 YEARS AND OVER",P4,sf247,P4_1
P4_033N,!!Total:!!Not Hispanic or Latino:!!Population of two or more races:!!Population of three races:!!White; American Indian and Alaska Native; Asian,"HISPANIC OR LATINO, AND NOT HISPANIC OR LATINO BY RACE FOR THE POPULATION 18 YEARS AND OVER",P4,sf248,P4_1
P4_034N,!!Total:!!Not Hispanic or Latino:!!Population of two or more races:!!Population of three races:!!White; American Indian and Alaska Native; Native Hawaiian and Other Pacific Islander,"HISPANIC OR LATINO, AND NOT HISPANIC OR LATINO BY RACE FOR THE POPULATION 18 YEARS AND OVER",P4,sf249,P4_1
P4_035N,!!Total:!!Not Hispanic or Latino:!!Population of two or more races:!!Population of three races:!!White; American Indian and Alaska Native; Some Other Race,"HISPANIC OR LATINO, AND NOT HISPANIC OR LATINO BY RACE FOR THE POPULATION 18 YEARS AND OVER",P4,sf250,P4_1
P4_036N,!!Total:!!Not Hispanic or Latino:!!Population of two or more races:!!Population of three races:!!White; Asian; Native Hawaiian and Other Pacific Islander,"HISPANIC OR LATINO, AND NOT HISPANIC OR LATINO BY RACE FOR THE POPULATION 18 YEARS AND OVER",P4,sf251,P4_1
P4_037N,!!Total:!!Not Hispanic or Latino:!!Population of two or more races:!!Population of three races:!!White; Asian; Some Other Race,"HISPANIC OR LATINO, AND NOT HISPANIC OR LATINO BY RACE FOR THE POPULATION 18 YEARS AND OVER",P4,sf252,P4_1
P4_038N,!!Total:!!Not Hispanic or Latino:!!Population of two or more races:!!Population of three races:!!White; Native Hawaiian and Other Pacific Islander; Some Other Race,"HISPANIC OR LATINO, AND NOT HISPANIC OR LATINO BY RACE FOR THE POPULATION 18 YEARS AND OVER",P4,sf253,P4_1
P4_039N,!!Total:!!Not Hispanic or Latino:!!Population of two or more races:!!Population of three races:!!Black or African American; American Indian and Alaska Native; Asian,"HISPANIC OR LATINO, AND NOT HISPANIC OR LATINO BY RACE FOR THE POPULATION 18 YEARS AND OVER",P4,sf254,P4_1
P4_040N,!!Total:!!Not Hispanic or Latino:!!Population of two or more races:!!Population of three races:!!Black or African American; American Indian and Alaska Native; Native Hawaiian and Other Pacific Islander,"HISPANIC OR LATINO, AND NOT HISPANIC OR LATINO BY RACE FOR THE POPULATION 18 YEARS AND OVER",P4,sf255,P4_1
P4_041N,!!Total:!!Not Hispanic or Latino:!!Population of two or more races:!!Population of three races:!!Black or African American; American Indian and Alaska Native; Some Other Race,"HISPANIC OR LATINO, AND NOT HISPANIC OR LATINO BY RACE FOR THE POPULATION 18 YEARS AND OVER",P4,sf256,P4_1
P4_042N,!!Total:!!Not Hispanic or Latino:!!Population of two or more races:!!Population of three races:!!Black or African American; Asian; Native Hawaiian and Other Pacific Islander,"HISPANIC OR LATINO, AND NOT HISPANIC OR LATINO BY RACE FOR THE POPULATION 18 YEARS AND OVER",P4,sf257,P4_1
P4_043N,!!Total:!!Not Hispanic or Latino:!!Population of two or more races:!!Population of three races:!!Black or African American; Asian; Some Other Race,"HISPANIC OR LATINO, AND NOT HISPANIC OR LATINO BY RACE FOR THE POPULATION 18 YEARS AND OVER",P4,sf258,P4_1
P4_044N,!!Total:!!Not Hispanic or Latino:!!Population of two or more races:!!Population of three races:!!Black or African American; Native Hawaiian and Other Pacific Islander; Some Other Race,"HISPANIC OR LATINO, AND NOT HISPANIC OR LATINO BY RACE FOR THE POPULATION 18 YEARS AND OVER",P4,sf259,P4_1
P4_045N,!!Total:!!Not Hispanic or Latino:!!Population of two or more races:!!Population of three races:!!American Indian and Alaska Native; Asian; Native Hawaiian and Other Pacific Islander,"HISPANIC OR LATINO, AND NOT HISPANIC OR LATINO BY RACE FOR THE POPULATION 18 YEARS AND OVER",P4,sf260,P4_1
P4_046N,!!Total:!!Not Hispanic or Latino:!!Population of two or more races:!!Population of three races:!!American Indian and Alaska Native; Asian; Some Other Race,"HISPANIC OR LATINO, AND NOT HISPANIC OR LATINO BY RACE FOR THE POPULATION 18 YEARS AND OVER",P4,sf261,P4_1
P4_047N,!!Total:!!Not Hispanic or Latino:!!Population of two or more races:!!Population of three races:!!American Indian and Alaska Native; Native Hawaiian and Other Pacific Islander; Some Other Race,"HISPANIC OR LATINO, AND NOT HISPANIC OR LATINO BY RACE FOR THE POPULATION 18 YEARS AND OVER",P4,sf262,P4_1
P4_048N,!!Total:!!Not Hispanic or Latino:!!Population of two or more races:!!Population of three races:!!Asian; Native Hawaiian and Other Pacific Islander; Some Other Race,"HISPANIC OR LATINO, AND NOT HISPANIC OR LATINO BY RACE FOR THE POPULATION 18 YEARS AND OVER",P4,sf263,P4_1
P4_049N,!!Total:!!Not Hispanic or Latino:!!Population of two or more races:!!Population of four races:,"HISPANIC OR LATINO, AND NOT HISPANIC OR LATINO BY RACE FOR THE POPULATION 18 YEARS AND OVER",P4,sf264,P4_1
P4_050N,!!Total:!!Not Hispanic or Latino:!!Population of two or more races:!!Population of four races:!!White; Black or African American; American Indian and Alaska Native; Asian,"HISPANIC OR LATINO, AND NOT HISPANIC OR LATINO BY RACE FOR THE POPULATION 18 YEARS AND OVER",P4,sf265,P4_1
P4_051N,!!Total:!!Not Hispanic or Latino:!!Population of two or more races:!!Population of four races:!!White; Black or African American; American Indian and Alaska Native; Native Hawaiian and Other Pacific Islander,"HISPANIC OR LATINO, AND NOT HISPANIC OR LATINO BY RACE FOR THE POPULATION 18 YEARS AND OVER",P4,sf266,P4_1
P4_052N,!!Total:!!Not Hispanic or Latino:!!Population of two or more races:!!Population of four races:!!White; Black or African American; American Indian and Alaska Native; Some Other Race,"HISPANIC OR LATINO, AND NOT HISPANIC OR LATINO BY RACE FOR THE POPULATION 18 YEARS AND OVER",P4,sf267,P4_1
P4_053N,!!Total:!!Not Hispanic or Latino:!!Population of two or more races:!!Population of four races:!!White; Black or African American; Asian; Native Hawaiian and Other Pacific Islander,"HISPANIC OR LATINO, AND NOT HISPANIC OR LATINO BY RACE FOR THE POPULATION 18 YEARS AND OVER",P4,sf268,P4_1
P4_054N,!!Total:!!Not Hispanic or Latino:!!Population of two or more races:!!Population of four races:!!White; Black or African American; Asian; Some Other Race,"HISPANIC OR LATINO, AND NOT HISPANIC OR LATINO BY RACE FOR THE POPULATION 18 YEARS AND OVER",P4,sf269,P4_1
P4_055N,!!Total:!!Not Hispanic or Latino:!!Population of two or more races:!!Population of four races:!!White; Black or African American; Native Hawaiian and Other Pacific Islander; Some Other Race,"HISPANIC OR LATINO, AND NOT HISPANIC OR LATINO BY RACE FOR THE POPULATION 18 YEARS AND OVER",P4,sf270,P4_1
P4_056N,!!Total:!!Not Hispanic or Latino:!!Population of two or more races:!!Population of four races:!!White; American Indian and Alaska Native; Asian; Native Hawaiian and Other Pacific Islander,"HISPANIC OR LATINO, AND NOT HISPANIC OR LATINO BY RACE FOR THE POPULATION 18 YEARS AND OVER",P4,sf271,P4_1
P4_057N,!!Total:!!Not Hispanic or Latino:!!Population of two or more races:!!Population of four races:!!White; American Indian and Alaska Native; Asian; Some Other Race,"HISPANIC OR LATINO, AND NOT HISPANIC OR LATINO BY RACE FOR THE POPULATION 18 YEARS AND OVER",P4,sf272,P4_1
P4_058N,!!Total:!!Not Hispanic or Latino:!!Population of two or more races:!!Population of four races:!!White; American Indian and Alaska Native; Native Hawaiian and Other Pacific Islander; Some Other Race,"HISPANIC OR LATINO, AND NOT HISPANIC OR LATINO BY RACE FOR THE POPULATION 18 YEARS AND OVER",P4,sf273,P4_1
P4_059N,!!Total:!!Not Hispanic or Latino:!!Population of two or more races:!!Population of four races:!!White; Asian; Native Hawaiian and Other Pacific Islander; Some Other Race,"HISPANIC OR LATINO, AND NOT HISPANIC OR LATINO BY RACE FOR THE POPULATION 18 YEARS AND OVER",P4,sf274,P4_1
P4_060N,!!Total:!!Not Hispanic or Latino:!!Population of two or more races:!!Population of four races:!!Black or African American; American Indian and Alaska Native; Asian; Native Hawaiian and Other Pacific Islander,"HISPANIC OR LATINO, AND NOT HISPANIC OR LATINO BY RACE FOR THE POPULATION 18 YEARS AND OVER",P4,sf275,P4_1
P4_061N,!!Total:!!Not Hispanic or Latino:!!Population of two or more races:!!Population of four races:!!Black or African American; American Indian and Alaska Native; Asian; Some Other Race,"HISPANIC OR LATINO, AND NOT HISPANIC OR LATINO BY RACE FOR THE POPULATION 18 YEARS AND OVER",P4,sf276,P4_1
P4_062N,!!Total:!!Not Hispanic or Latino:!!Population of two or more races:!!Population of four races:!!Black or African American; American Indian and Alaska Native; Native Hawaiian and Other Pacific Islander; Some Other Race,"HISPANIC OR LATINO, AND NOT HISPANIC OR LATINO BY RACE FOR THE POPULATION 18 YEARS AND OVER",P4,sf277,P4_1
P4_063N,!!Total:!!Not Hispanic or Latino:!!Population of two or more races:!!Population of four races:!!Black or African American; Asian; Native Hawaiian and Other Pacific Islander; Some Other Race,"HISPANIC OR LATINO, AND NOT HISPANIC OR LATINO BY RACE FOR THE POPULATION 18 YEARS AND OVER",P4,sf278,P4_1
P4_064N,!!Total:!!Not Hispanic or Latino:!!Population of two or more races:!!Population of four races:!!American Indian and Alaska Native; Asian; Native Hawaiian and Other Pacific Islander; Some Other Race,"HISPANIC OR LATINO, AND NOT HISPANIC OR LATINO BY RACE FOR THE POPULATION 18 YEARS AND OVER",P4,sf279,P4_1
P4_065N,!!Total:!!Not Hispanic or Latino:!!Population of two or more races:!!Population of five races:,"HISPANIC OR LATINO, AND NOT HISPANIC OR LATINO BY RACE FOR THE POPULATION 18 YEARS AND OVER",P4,sf280,P4_1
P4_066N,!!Total:!!Not Hispanic or Latino:!!Population of two or more races:!!Population of five races:!!White; Black or African American; American Indian and Alaska Native; Asian; Native Hawaiian and Other Pacific Islander,"HISPANIC OR LATINO, AND NOT HISPANIC OR LATINO BY RACE FOR THE POPULATION 18 YEARS AND OVER",P4,sf281,P4_1
P4_067N,!!Total:!!Not Hispanic or Latino:!!Population of two or more races:!!Population of five races:!!White; Black or African American; American Indian and Alaska Native; Asian; Some Other Race,"HISPANIC OR LATINO, AND NOT HISPANIC OR LATINO BY RACE FOR THE POPULATION 18 YEARS AND OVER",P4,sf282,P4_1
P4_068N,!!Total:!!Not Hispanic or Latino:!!Population of two or more races:!!Population of five races:!!White; Black or African American; American Indian and Alaska Native; Native Hawaiian and Other Pacific Islander; Some Other Race,"HISPANIC OR LATINO, AND NOT HISPANIC OR LATINO BY RACE FOR THE POPULATION 18 YEARS AND OVER",P4,sf283,P4_1
P4_069N,!!Total:!!Not Hispanic or Latino:!!Population of two or more races:!!Population of five races:!!White; Black or African American; Asian; Native Hawaiian and Other Pacific Islander; Some Other Race,"HISPANIC OR LATINO, AND NOT HISPANIC OR LATINO BY RACE FOR THE POPULATION 18 YEARS AND OVER",P4,sf284,P4_1
P4_070N,!!Total:!!Not Hispanic or Latino:!!Population of two or more races:!!Population of five races:!!White; American Indian and Alaska Native; Asian; Native Hawaiian and Other Pacific Islander; Some Other Race,"HISPANIC OR LATINO, AND NOT HISPANIC OR LATINO BY RACE FOR THE POPULATION 18 YEARS AND OVER",P4,sf285,P4_1
P4_071N,!!Total:!!Not Hispanic or Latino:!!Population of two or more races:!!Population of five races:!!Black or African American; American Indian and Alaska Native; Asian; Native Hawaiian and Other Pacific Islander; Some Other Race,"HISPANIC OR LATINO, AND NOT HISPANIC OR LATINO BY RACE FOR THE POPULATION 18 YEARS AND OVER",P4,sf286,P4_1
P4_072N,!!Total:!!Not Hispanic or Latino:!!Population of two or more races:!!Population of six races:,"HISPANIC OR LATINO, AND NOT HISPANIC OR LATINO BY RACE FOR THE POPULATION 18 YEARS AND OVER",P4,sf287,P4_1
P4_073N,!!Total:!!Not Hispanic or Latino:!!Population of two or more races:!!Population of six races:!!White; Black or African American; American Indian and Alaska Native; Asian; Native Hawaiian and Other Pacific Islander; Some Other Race,"HISPANIC OR LATINO, AND NOT HISPANIC OR LATINO BY RACE FOR THE POPULATION 18 YEARS AND OVER",P4,sf288,P4_1
P5_001N,!!Total:,GROUP QUARTERS POPULATION BY MAJOR GROUP QUARTERS TYPE,P5,sf289,P5_1
P5_002N,!!Total:!!Institutionalized population:,GROUP QUARTERS POPULATION BY MAJOR GROUP QUARTERS TYPE,P5,sf290,P5_1
P5_003N,!!Total:!!Institutionalized population:!!Correctional facilities for adults,GROUP QUARTERS POPULATION BY MAJOR GROUP QUARTERS TYPE,P5,sf291,P5_1
P5_004N,!!Total:!!Institutionalized population:!!Juvenile facilities,GROUP QUARTERS POPULATION BY MAJOR GROUP QUARTERS TYPE,P5,sf292,P5_1
P5_005N,!!Total:!!Institutionalized population:!!Nursing facilities/Skilled-nursing facilities,GROUP QUARTERS POPULATION BY MAJOR GROUP QUARTERS TYPE,P5,sf293,P5_1
P5_006N,!!Total:!!Institutionalized population:!!Other institutional facilities,GROUP QUARTERS POPULATION BY MAJOR GROUP QUARTERS TYPE,P5,sf294,P5_1
P5_007N,!!Total:!!Noninstitutionalized population:,GROUP QUARTERS POPULATION BY MAJOR GROUP QUARTERS TYPE,P5,sf295,P5_1
P5_008N,!!Total:!!Noninstitutionalized population:!!College/University student housing,GROUP QUARTERS POPULATION BY MAJOR GROUP QUARTERS TYPE,P5,sf296,P5_1
P5_009N,!!Total:!!Noninstitutionalized population:!!Military quarters,GROUP QUARTERS POPULATION BY MAJOR GROUP QUARTERS TYPE,P5,sf297,P5_1
P5_010N,!!Total:!!Noninstitutionalized population:!!Other noninstitutional facilities,GROUP QUARTERS POPULATION BY MAJOR GROUP QUARTERS TYPE,P5,sf298,P5_1
